Date,Contest number,Word,Number of  reported results,Number in hard mode,1 try,2 tries,3 tries,4 tries,5 tries,6 tries,7 or more tries (X),Total Percent,score,year,WordPercent,WordLogPercent,LetterPercent,Rep,VowelCount,avgscore
2022-12-31 00:00:00,560,manly,20380.0,1899.0,0.0,2.0,17.0,37.0,29.0,12.0,2.0,99.0,2.11,2019,0.0003182011,-8.052826985121245,23.3,1,1,4.383838383838384
2022-12-30 00:00:00,559,molar,21204.0,1973.0,0.0,4.0,21.0,38.0,26.0,9.0,1.0,99.0,2.04,2019,0.0003044151,-8.097118327425203,28.1,1,2,4.181818181818182
2022-12-29 00:00:00,558,havoc,20001.0,1919.0,0.0,2.0,16.0,38.0,30.0,12.0,2.0,100.0,2.1399999999999997,2019,0.0002385904,-8.340762283812326,25.580000000000002,1,2,4.4
2022-12-28 00:00:00,557,impel,20160.0,1937.0,0.0,3.0,21.0,40.0,25.0,9.0,1.0,99.0,2.045,2019,2.7892e-05,-10.48717064860551,28.0,1,2,4.191919191919192
2022-12-27 00:00:00,556,condo,20879.0,2012.0,0.0,2.0,17.0,35.0,29.0,14.0,3.0,100.0,2.1350000000000002,2019,0.000190312,-8.566845727321308,28.8,2,2,4.45
2022-12-26 00:00:00,555,judge,20011.0,2043.0,0.0,2.0,8.0,16.0,26.0,33.0,14.0,99.0,2.17,2019,0.005201321,-5.258842647195523,21.95,1,2,5.232323232323233
2022-12-25 00:00:00,554,extra,15554.0,1562.0,1.0,5.0,20.0,35.0,28.0,10.0,1.0,100.0,2.06,2019,0.0038574018,-5.5577614309531285,36.15,1,2,4.18
2022-12-24 00:00:00,553,poise,20281.0,1911.0,2.0,11.0,34.0,32.0,15.0,6.0,1.0,101.0,1.8299999999999998,2019,0.0001112378,-9.10384030585269,35.4,1,3,3.6831683168316833
2022-12-23 00:00:00,552,aorta,21937.0,2112.0,0.0,7.0,26.0,35.0,20.0,10.0,3.0,101.0,1.9749999999999999,2019,0.0002697789,-8.217907823327451,39.0,2,3,4.089108910891089
2022-12-22 00:00:00,551,excel,20490.0,2034.0,0.0,1.0,13.0,34.0,34.0,15.0,2.0,99.0,2.195,2019,0.0005808581,-7.451004065021536,32.349999999999994,2,2,4.555555555555555
2022-12-21 00:00:00,550,lunar,22180.0,2036.0,0.0,5.0,32.0,40.0,17.0,4.0,0.0,98.0,1.875,2019,0.0003380597,-7.992288050859071,27.7,1,2,3.826530612244898
2022-12-20 00:00:00,549,third,24137.0,2261.0,1.0,10.0,47.0,32.0,9.0,2.0,0.0,101.0,1.735,2019,0.0150865301,-4.193952979628999,32.5,1,1,3.4356435643564356
2022-12-19 00:00:00,548,slate,26010.0,2422.0,6.0,14.0,33.0,27.0,13.0,5.0,1.0,99.0,1.6849999999999998,2018,0.0003551452,-7.942983838027811,40.3,1,2,3.4646464646464645
2022-12-18 00:00:00,547,taper,22166.0,2108.0,0.0,8.0,28.0,30.0,20.0,11.0,3.0,100.0,1.9449999999999998,2018,0.0001399137,-8.874484753996605,37.89999999999999,1,2,4.07
2022-12-17 00:00:00,546,chord,22336.0,2088.0,0.0,7.0,39.0,38.0,13.0,3.0,0.0,100.0,1.83,2018,0.0003775193,-7.881888864754261,26.7,1,1,3.66
2022-12-16 00:00:00,545,probe,22853.0,2160.0,0.0,6.0,24.0,32.0,24.0,11.0,3.0,100.0,2.005,2018,0.0008508269,-7.069301857836645,29.599999999999998,1,2,4.19
2022-12-15 00:00:00,544,rival,22176.0,2127.0,0.0,7.0,27.0,35.0,22.0,8.0,1.0,100.0,1.97,2018,0.0009888733,-6.91894434374946,26.18,1,2,4.0
2022-12-14 00:00:00,543,usual,20824.0,2048.0,0.0,3.0,20.0,39.0,27.0,10.0,1.0,100.0,2.09,2018,0.0047536143,-5.348850045014074,24.099999999999998,2,3,4.24
2022-12-13 00:00:00,542,spoke,24101.0,2224.0,0.0,6.0,31.0,38.0,19.0,5.0,0.0,99.0,1.91,2018,0.0076541758,-4.872503923859851,29.169999999999998,1,2,3.8585858585858586
2022-12-12 00:00:00,541,apply,22873.0,2150.0,0.0,5.0,28.0,38.0,22.0,7.0,1.0,101.0,1.9949999999999999,2018,0.0056833576,-5.170213094135115,18.0,2,1,4.00990099009901
2022-12-11 00:00:00,540,naive,21947.0,2075.0,1.0,7.0,24.0,32.0,24.0,11.0,1.0,100.0,2.01,2018,0.000377242,-7.8826236666379215,35.58,1,3,4.08
2022-12-10 00:00:00,539,knock,21157.0,2041.0,0.0,3.0,18.0,43.0,27.0,8.0,1.0,100.0,2.08,2018,0.0014856537,-6.511900401567757,18.54,2,1,4.22
2022-12-09 00:00:00,538,braid,23640.0,2165.0,0.0,10.0,36.0,35.0,14.0,3.0,0.0,98.0,1.78,2018,0.0002078636,-8.478628462604414,27.0,1,2,3.63265306122449
2022-12-08 00:00:00,537,infer,21199.0,1863.0,0.0,3.0,19.0,33.0,26.0,14.0,3.0,98.0,2.06,2018,0.0004181947,-7.7795634444120765,34.599999999999994,1,2,4.387755102040816
2022-12-07 00:00:00,536,joust,24899.0,2388.0,0.0,6.0,29.0,34.0,21.0,8.0,2.0,100.0,1.95,2019,2.17619e-05,-10.735349823611898,25.85,1,2,4.02
2022-12-06 00:00:00,535,amber,23509.0,2261.0,0.0,6.0,22.0,33.0,24.0,12.0,3.0,100.0,2.025,2019,0.0007802996,-7.15583260946504,30.799999999999997,1,2,4.23
2022-12-05 00:00:00,534,woken,23153.0,2200.0,0.0,2.0,10.0,25.0,36.0,23.0,4.0,100.0,2.28,2019,0.0002725962,-8.207518978637594,30.069999999999997,1,2,4.8
2022-12-04 00:00:00,533,adore,25577.0,2398.0,2.0,17.0,32.0,29.0,15.0,5.0,1.0,101.0,1.7699999999999998,2019,0.0002040987,-8.49690685759551,38.7,1,3,3.5643564356435644
2022-12-03 00:00:00,532,torso,23873.0,2260.0,0.0,4.0,35.0,36.0,17.0,6.0,1.0,99.0,1.8949999999999998,2019,0.0004029209,-7.816770293198255,36.400000000000006,2,2,3.888888888888889
2022-12-02 00:00:00,531,chafe,24646.0,2343.0,0.0,6.0,30.0,33.0,19.0,9.0,2.0,99.0,1.925,2019,3.59696e-05,-10.232836420696666,31.999999999999996,1,2,4.01010101010101
2022-12-01 00:00:00,530,eject,22628.0,2200.0,0.0,2.0,11.0,35.0,36.0,14.0,2.0,100.0,2.215,2019,4.88737e-05,-9.926271138477963,37.449999999999996,2,2,4.55
2022-11-30 00:00:00,529,study,25569.0,2405.0,0.0,6.0,30.0,33.0,19.0,10.0,2.0,100.0,1.955,2019,0.0260324741,-3.648410516470926,24.5,1,1,4.03
2022-11-29 00:00:00,528,undue,23739.0,2316.0,0.0,3.0,19.0,35.0,29.0,13.0,2.0,101.0,2.1399999999999997,2019,0.00030376,-8.099272642040727,29.3,2,3,4.356435643564357
2022-11-28 00:00:00,527,tepid,26051.0,2484.0,0.0,10.0,38.0,35.0,13.0,3.0,0.0,99.0,1.785,2019,6.77599e-05,-9.599539983418495,34.99999999999999,1,2,3.606060606060606
2022-11-27 00:00:00,526,happy,25206.0,2356.0,0.0,6.0,28.0,39.0,19.0,6.0,1.0,99.0,1.92,2019,0.0095377342,-4.652499326971869,20.099999999999998,2,1,3.9393939393939394
2022-11-26 00:00:00,525,clean,26381.0,2424.0,1.0,17.0,36.0,31.0,12.0,3.0,0.0,100.0,1.725,2019,0.0050269821,-5.292935455049871,34.4,1,2,3.45
2022-11-25 00:00:00,524,itchy,24197.0,2329.0,0.0,8.0,28.0,40.0,18.0,5.0,1.0,100.0,1.9049999999999998,2018,8.93916e-05,-9.322483839930841,27.0,1,1,3.87
2022-11-24 00:00:00,523,feast,27705.0,2725.0,5.0,13.0,25.0,27.0,19.0,10.0,2.0,101.0,1.855,2018,0.0011059499,-6.807050675280509,38.5,1,2,3.792079207920792
2022-11-23 00:00:00,522,drive,26663.0,2451.0,1.0,12.0,32.0,30.0,18.0,6.0,1.0,100.0,1.8399999999999999,2018,0.0067671319,-4.99567793027135,30.98,1,2,3.74
2022-11-22 00:00:00,521,prime,27437.0,2534.0,1.0,10.0,26.0,32.0,21.0,9.0,1.0,100.0,1.9349999999999998,2018,0.0030978435,-5.777049054725693,30.0,1,2,3.93
2022-11-21 00:00:00,520,axiom,24288.0,2382.0,0.0,5.0,19.0,33.0,27.0,13.0,3.0,100.0,2.075,2018,0.0001992856,-8.520771586240988,25.25,1,3,4.33
2022-11-20 00:00:00,519,brave,24991.0,2396.0,1.0,6.0,17.0,27.0,27.0,18.0,5.0,101.0,2.1,2018,0.0015565331,-6.465294302648587,29.38,1,2,4.455445544554456
2022-11-19 00:00:00,518,avert,24749.0,2400.0,0.0,7.0,26.0,35.0,22.0,9.0,1.0,100.0,1.9849999999999999,2018,0.0001699719,-8.679877428694239,36.98,1,2,4.03
2022-11-18 00:00:00,517,glyph,29208.0,2899.0,0.0,2.0,23.0,49.0,20.0,5.0,1.0,100.0,2.0,2018,3.11644e-05,-10.376234140255226,16.0,1,0,4.06
2022-11-17 00:00:00,516,there,27465.0,2530.0,0.0,14.0,35.0,33.0,14.0,4.0,0.0,100.0,1.795,2018,0.175985174,-1.737355526128622,46.599999999999994,2,2,3.59
2022-11-16 00:00:00,515,baker,25576.0,2541.0,0.0,5.0,16.0,23.0,24.0,22.0,10.0,100.0,2.0599999999999996,2018,0.0013731121,-6.590675509498569,29.169999999999998,1,2,4.72
2022-11-15 00:00:00,514,snarl,27475.0,2650.0,0.0,5.0,21.0,31.0,24.0,15.0,4.0,100.0,2.055,2018,0.0001488463,-8.812596328050267,31.2,1,1,4.35
2022-11-14 00:00:00,513,maple,26536.0,2467.0,1.0,6.0,26.0,36.0,21.0,8.0,1.0,99.0,1.9449999999999998,2018,0.0004414766,-7.7253855404573715,29.2,1,2,3.98989898989899
2022-11-13 00:00:00,512,inane,25085.0,2515.0,0.0,8.0,25.0,30.0,21.0,13.0,3.0,100.0,1.9849999999999999,2019,4.5548e-05,-9.996743843015915,41.3,2,3,4.15
2022-11-12 00:00:00,511,valet,24660.0,2356.0,0.0,4.0,22.0,38.0,25.0,9.0,1.0,99.0,2.03,2019,0.0002060452,-8.487414995767459,34.98,1,2,4.161616161616162
2022-11-11 00:00:00,510,medal,25993.0,2438.0,0.0,5.0,25.0,38.0,23.0,8.0,1.0,100.0,2.005,2019,0.0004282843,-7.755723330563964,31.599999999999998,1,2,4.07
2022-11-10 00:00:00,509,unite,27467.0,2575.0,1.0,11.0,31.0,33.0,18.0,5.0,1.0,100.0,1.845,2019,0.000454355,-7.696631727151434,38.3,1,3,3.75
2022-11-09 00:00:00,508,rainy,28984.0,2678.0,1.0,16.0,38.0,31.0,11.0,3.0,1.0,101.0,1.7249999999999999,2019,0.0003359313,-7.998603883192456,29.9,1,2,3.4752475247524752
2022-11-08 00:00:00,507,spell,27213.0,2531.0,0.0,4.0,24.0,37.0,24.0,9.0,1.0,99.0,2.0149999999999997,2019,0.0014231668,-6.554870749596942,28.9,2,1,4.1313131313131315
2022-11-07 00:00:00,506,begin,26096.0,2439.0,0.0,6.0,26.0,36.0,23.0,7.0,1.0,99.0,1.96,2019,0.007079925,-4.950491964552956,29.9,1,2,4.02020202020202
2022-11-06 00:00:00,505,stale,31068.0,3013.0,2.0,19.0,30.0,27.0,15.0,6.0,2.0,101.0,1.7550000000000001,2019,0.0002671946,-8.227533326086839,40.3,1,2,3.594059405940594
2022-11-05 00:00:00,504,dream,29743.0,2751.0,5.0,14.0,31.0,29.0,15.0,4.0,1.0,99.0,1.71,2019,0.0053573079,-5.229293687535642,33.6,1,2,3.515151515151515
2022-11-04 00:00:00,503,photo,27330.0,2565.0,0.0,5.0,34.0,43.0,15.0,3.0,0.0,100.0,1.885,2019,0.0028044935,-5.876532326722259,32.1,2,2,3.77
2022-11-03 00:00:00,502,aloud,29554.0,2819.0,1.0,18.0,31.0,30.0,15.0,4.0,1.0,100.0,1.75,2019,0.0011590516,-6.760153194476646,26.8,1,3,3.56
2022-11-02 00:00:00,501,inept,27670.0,2640.0,0.0,6.0,30.0,39.0,20.0,6.0,1.0,102.0,1.9749999999999999,2019,8.04423e-05,-9.427970400728658,37.4,1,2,3.9313725490196076
2022-11-01 00:00:00,500,piney,27502.0,3667.0,0.0,1.0,14.0,37.0,33.0,14.0,2.0,101.0,2.215,2019,2.06205e-05,-10.789224831366827,30.3,1,2,4.5049504950495045
2022-10-31 00:00:00,499,aptly,26498.0,2572.0,0.0,3.0,26.0,41.0,23.0,7.0,1.0,101.0,2.03,2019,0.0002041274,-8.496766249241233,25.2,1,1,4.079207920792079
2022-10-30 00:00:00,498,waltz,24672.0,2496.0,0.0,2.0,11.0,29.0,35.0,19.0,3.0,99.0,2.225,2019,0.0001968707,-8.53296338989274,23.774,1,1,4.6767676767676765
2022-10-29 00:00:00,497,libel,25156.0,2536.0,0.0,3.0,15.0,32.0,32.0,16.0,2.0,100.0,2.1849999999999996,2019,0.0001552674,-8.77036176613619,29.2,2,2,4.49
2022-10-28 00:00:00,496,sneak,27905.0,2636.0,0.0,7.0,28.0,36.0,21.0,7.0,1.0,100.0,1.95,2019,0.0004404847,-7.727634846448915,34.67,1,2,3.96
2022-10-27 00:00:00,495,carry,27609.0,2615.0,0.0,4.0,22.0,35.0,24.0,12.0,3.0,100.0,2.045,2019,0.0057340729,-5.161329197963828,25.0,2,1,4.27
2022-10-26 00:00:00,494,flout,30063.0,2904.0,0.0,6.0,28.0,37.0,21.0,7.0,1.0,100.0,1.96,2019,2.27214e-05,-10.69220334629143,25.6,1,2,3.98
2022-10-25 00:00:00,493,foggy,28953.0,2817.0,0.0,2.0,13.0,35.0,32.0,15.0,3.0,100.0,2.18,2019,0.0001374308,-8.892390040269147,15.7,2,1,4.54
2022-10-24 00:00:00,492,fault,28947.0,2768.0,0.0,7.0,27.0,35.0,22.0,8.0,1.0,100.0,1.97,2019,0.0031148481,-5.771574891976669,26.299999999999997,1,2,4.0
2022-10-23 00:00:00,491,mummy,29279.0,3021.0,0.0,1.0,4.0,14.0,27.0,37.0,18.0,101.0,2.2249999999999996,2019,0.0003685455,-7.905946380415729,12.0,2,1,5.475247524752476
2022-10-22 00:00:00,490,spiel,29084.0,2810.0,0.0,7.0,32.0,36.0,19.0,6.0,1.0,101.0,1.93,2019,3.81086e-05,-10.17507057951817,31.9,1,2,3.881188118811881
2022-10-21 00:00:00,489,grove,28637.0,2794.0,0.0,4.0,18.0,30.0,28.0,17.0,3.0,100.0,2.1350000000000002,2019,0.0007521227,-7.192611082430761,29.18,1,2,4.45
2022-10-20 00:00:00,488,denim,28741.0,2769.0,0.0,5.0,29.0,40.0,20.0,5.0,0.0,99.0,1.935,2019,0.0001508195,-8.799426800405454,33.1,1,2,3.909090909090909
2022-10-19 00:00:00,487,quirk,28322.0,2794.0,0.0,3.0,23.0,39.0,24.0,9.0,2.0,100.0,2.0349999999999997,2019,9.32629e-05,-9.280088171206533,16.665,1,2,4.19
2022-10-18 00:00:00,486,exist,28612.0,2805.0,0.0,5.0,24.0,38.0,23.0,8.0,1.0,99.0,1.99,2019,0.0052774127,-5.2443193203018765,35.25,1,2,4.08080808080808
2022-10-17 00:00:00,485,stein,31269.0,2965.0,1.0,12.0,34.0,32.0,16.0,5.0,1.0,101.0,1.8299999999999998,2019,0.0005113114,-7.578531760018915,41.8,1,2,3.6831683168316833
2022-10-16 00:00:00,484,spade,30459.0,2854.0,1.0,8.0,29.0,36.0,19.0,6.0,1.0,100.0,1.9,2019,0.0001876441,-8.580963474390995,33.4,1,2,3.86
2022-10-15 00:00:00,483,catch,30403.0,3123.0,0.0,7.0,18.0,20.0,15.0,16.0,23.0,99.0,1.71,2019,0.0041101406,-5.494298041813375,29.0,2,1,4.848484848484849
2022-10-14 00:00:00,482,floor,28906.0,2752.0,0.0,3.0,23.0,44.0,24.0,6.0,0.0,100.0,2.035,2019,0.01036508,-4.569312814841497,27.2,2,2,4.07
2022-10-13 00:00:00,481,equal,27197.0,2677.0,0.0,5.0,23.0,35.0,25.0,11.0,2.0,101.0,2.0599999999999996,2019,0.0068611707,-4.9818771958277415,27.794999999999998,1,3,4.198019801980198
2022-10-12 00:00:00,480,ionic,29151.0,2947.0,0.0,2.0,13.0,25.0,28.0,21.0,11.0,100.0,2.1,2019,0.0005037963,-7.593338538256933,31.0,2,3,4.86
2022-10-11 00:00:00,479,valid,28575.0,2752.0,0.0,4.0,28.0,38.0,21.0,8.0,1.0,100.0,1.99,2019,0.0022391374,-6.101664576566822,24.48,1,2,4.04
2022-10-10 00:00:00,478,enjoy,26878.0,2654.0,0.0,3.0,12.0,29.0,33.0,20.0,3.0,100.0,2.23,2019,0.0041490092,-5.484885720232081,29.049999999999997,1,2,4.64
2022-10-09 00:00:00,477,howdy,28408.0,2668.0,0.0,2.0,13.0,32.0,32.0,17.0,4.0,100.0,2.185,2019,3.67405e-05,-10.211630869124551,22.3,1,1,4.61
2022-10-08 00:00:00,476,vigor,26905.0,2642.0,0.0,2.0,15.0,35.0,31.0,14.0,2.0,99.0,2.15,2019,0.0002385083,-8.34110644740284,23.48,1,2,4.4646464646464645
2022-10-07 00:00:00,475,dandy,29026.0,2840.0,0.0,2.0,11.0,23.0,29.0,24.0,11.0,100.0,2.145,2019,0.0001293181,-8.953235297451286,25.5,2,1,4.95
2022-10-06 00:00:00,474,sloth,32522.0,2987.0,1.0,10.0,38.0,34.0,13.0,3.0,0.0,99.0,1.77,2019,8.19826e-05,-9.409003528338543,33.0,1,1,3.5757575757575757
2022-10-05 00:00:00,473,marsh,30935.0,2885.0,0.0,9.0,30.0,35.0,19.0,6.0,1.0,100.0,1.9,2019,0.0006079908,-7.405350807691538,29.0,1,1,3.86
2022-10-04 00:00:00,472,bough,32014.0,3060.0,0.0,3.0,17.0,35.0,28.0,13.0,3.0,99.0,2.0900000000000003,2019,9.3682e-05,-9.275604489628579,19.9,1,2,4.404040404040404
2022-10-03 00:00:00,471,sting,32288.0,2969.0,1.0,10.0,30.0,33.0,18.0,8.0,2.0,102.0,1.915,2019,0.0004343603,-7.74163618394448,31.099999999999998,1,1,3.872549019607843
2022-10-02 00:00:00,470,twine,30088.0,2775.0,0.0,6.0,28.0,40.0,20.0,5.0,1.0,100.0,1.9349999999999998,2019,0.0001068255,-9.144313895892834,37.9,1,2,3.93
2022-10-01 00:00:00,469,leave,28202.0,2696.0,0.0,4.0,16.0,34.0,31.0,12.0,1.0,98.0,2.1,2019,0.0158832268,-4.142491644812822,38.58,2,3,4.346938775510204
2022-09-30 00:00:00,468,scorn,31223.0,2859.0,0.0,8.0,31.0,35.0,20.0,6.0,1.0,101.0,1.93,2019,0.0003907678,-7.847397036277309,29.3,1,1,3.881188118811881
2022-09-29 00:00:00,467,scald,30477.0,2829.0,0.0,4.0,23.0,36.0,24.0,11.0,2.0,100.0,2.045,2019,2.51286e-05,-10.591503918267057,25.599999999999998,1,1,4.21
2022-09-28 00:00:00,466,usurp,31355.0,3007.0,0.0,3.0,21.0,38.0,26.0,9.0,1.0,98.0,2.03,2019,5.60551e-05,-9.789175422398129,19.799999999999997,2,2,4.204081632653061
2022-09-27 00:00:00,465,soggy,30985.0,2888.0,0.0,2.0,18.0,38.0,28.0,11.0,2.0,99.0,2.09,2019,9.04353e-05,-9.310875880060578,19.8,2,1,4.343434343434343
2022-09-26 00:00:00,464,brisk,31706.0,2884.0,0.0,5.0,23.0,38.0,24.0,7.0,1.0,98.0,1.97,2018,0.0002851737,-8.162412089665068,21.57,1,1,4.081632653061225
2022-09-25 00:00:00,463,admit,28994.0,2677.0,0.0,10.0,25.0,34.0,22.0,8.0,1.0,100.0,1.95,2018,0.0028124794,-5.873688835922867,31.0,1,2,3.96
2022-09-24 00:00:00,462,grate,32777.0,3077.0,1.0,14.0,29.0,28.0,16.0,8.0,3.0,99.0,1.795,2018,0.0001997784,-8.518301805702032,38.0,1,2,3.808080808080808
2022-09-23 00:00:00,461,glory,31509.0,2893.0,0.0,6.0,30.0,39.0,19.0,5.0,0.0,99.0,1.915,2018,0.0027846277,-5.883641094969795,21.5,1,1,3.8686868686868685
2022-09-22 00:00:00,460,saint,34455.0,3119.0,1.0,14.0,35.0,29.0,15.0,5.0,1.0,100.0,1.7799999999999998,2018,0.002556743,-5.969021096132687,37.3,1,2,3.62
2022-09-21 00:00:00,459,recap,31976.0,2900.0,0.0,5.0,30.0,35.0,21.0,8.0,1.0,100.0,1.97,2018,7.41526e-05,-9.509385425935724,31.599999999999998,1,2,4.0
2022-09-20 00:00:00,458,alike,31277.0,2843.0,0.0,6.0,20.0,33.0,27.0,12.0,2.0,100.0,2.065,2018,0.0014177567,-6.558679445283384,32.67,1,3,4.25
2022-09-19 00:00:00,457,trice,35050.0,3430.0,0.0,5.0,24.0,25.0,18.0,17.0,11.0,100.0,1.925,2018,2.9928e-05,-10.41671606091843,37.6,1,2,4.51
2022-09-18 00:00:00,456,stick,33102.0,3038.0,1.0,9.0,36.0,35.0,14.0,4.0,0.0,99.0,1.805,2018,0.0028027921,-5.877139180081829,25.97,1,1,3.6464646464646466
2022-09-17 00:00:00,455,chute,33418.0,3073.0,0.0,11.0,37.0,36.0,12.0,3.0,0.0,99.0,1.775,2018,0.0001155166,-9.066096315385856,33.5,1,2,3.585858585858586
2022-09-16 00:00:00,454,parer,37309.0,4130.0,0.0,0.0,4.0,11.0,15.0,22.0,48.0,100.0,1.555,2018,3.0929e-06,-12.68640139585416,34.8,2,2,5.99
2022-09-15 00:00:00,453,doubt,33344.0,3011.0,1.0,12.0,32.0,34.0,16.0,4.0,0.0,99.0,1.805,2018,0.0072695111,-4.924066238666385,25.200000000000003,1,2,3.6464646464646466
2022-09-14 00:00:00,452,thyme,32142.0,2938.0,1.0,5.0,24.0,41.0,23.0,5.0,0.0,99.0,1.96,2019,0.0002385955,-8.340740908495075,32.3,1,1,3.95959595959596
2022-09-13 00:00:00,451,alpha,29497.0,2706.0,0.0,3.0,19.0,40.0,28.0,9.0,1.0,100.0,2.09,2019,0.0012179309,-6.710601843651884,28.4,2,2,4.24
2022-09-12 00:00:00,450,booze,29147.0,2883.0,0.0,1.0,7.0,27.0,38.0,23.0,4.0,100.0,2.315,2019,0.0001857357,-8.591185862525073,29.274,2,3,4.87
2022-09-11 00:00:00,449,tibia,27887.0,2675.0,0.0,1.0,14.0,40.0,30.0,12.0,2.0,99.0,2.1399999999999997,2019,0.0001332712,-8.923124408136145,32.8,2,3,4.444444444444445
2022-09-10 00:00:00,448,lofty,29237.0,2777.0,0.0,4.0,19.0,34.0,27.0,13.0,3.0,100.0,2.085,2019,0.0004813315,-7.638954336051132,24.799999999999997,1,1,4.35
2022-09-09 00:00:00,447,theme,32172.0,2909.0,0.0,8.0,29.0,40.0,18.0,4.0,0.0,99.0,1.885,2019,0.0025118287,-5.986744225376571,43.0,2,2,3.808080808080808
2022-09-08 00:00:00,446,class,31962.0,3001.0,0.0,4.0,21.0,32.0,22.0,13.0,7.0,99.0,1.97,2019,0.0159771113,-4.136598124696962,27.6,2,1,4.404040404040404
2022-09-07 00:00:00,445,leery,30992.0,2873.0,0.0,3.0,17.0,37.0,28.0,12.0,2.0,99.0,2.0949999999999998,2019,3.17434e-05,-10.35782572825012,37.4,2,2,4.353535353535354
2022-09-06 00:00:00,444,taunt,32734.0,3022.0,0.0,4.0,19.0,27.0,21.0,16.0,13.0,100.0,1.935,2019,0.0001017494,-9.192997630464852,35.9,2,2,4.65
2022-09-05 00:00:00,443,whoop,32733.0,2970.0,0.0,1.0,16.0,47.0,29.0,7.0,1.0,101.0,2.13,2019,8.14137e-05,-9.415966994449116,25.4,2,2,4.2772277227722775
2022-09-04 00:00:00,442,inter,32018.0,2889.0,0.0,6.0,25.0,36.0,23.0,8.0,1.0,99.0,1.9749999999999999,2019,0.0018319744,-6.302360986626959,41.5,1,2,4.05050505050505
2022-09-03 00:00:00,441,gully,31191.0,2877.0,0.0,1.0,9.0,27.0,31.0,25.0,7.0,100.0,2.245,2019,0.0001268995,-8.972115123362018,14.8,2,1,4.91
2022-09-02 00:00:00,440,charm,35724.0,3149.0,1.0,12.0,32.0,34.0,16.0,5.0,1.0,101.0,1.8399999999999999,2019,0.0010378844,-6.870570868455733,25.499999999999996,1,1,3.702970297029703
2022-09-01 00:00:00,439,fungi,31903.0,2928.0,0.0,2.0,18.0,41.0,28.0,9.0,1.0,99.0,2.085,2019,0.000549071,-7.5072827987692765,20.7,1,2,4.2727272727272725
2022-08-31 00:00:00,438,prize,35343.0,3166.0,0.0,5.0,12.0,20.0,32.0,26.0,5.0,100.0,2.235,2019,0.0014156238,-6.560184996975354,27.674,1,2,4.77
2022-08-30 00:00:00,437,onset,33660.0,3009.0,0.0,4.0,29.0,40.0,21.0,6.0,1.0,101.0,1.9849999999999999,2019,0.001462552,-6.5275724239347905,42.300000000000004,1,2,3.99009900990099
2022-08-29 00:00:00,436,chief,34281.0,3072.0,1.0,6.0,32.0,38.0,18.0,5.0,0.0,100.0,1.905,2019,0.0064960582,-5.036559716803289,30.799999999999997,1,2,3.81
2022-08-28 00:00:00,435,gauze,30214.0,2866.0,0.0,2.0,11.0,24.0,31.0,25.0,8.0,101.0,2.23,2019,0.0001690936,-8.68505815020353,25.774,1,3,4.891089108910891
2022-08-27 00:00:00,434,ruder,31241.0,2784.0,0.0,2.0,16.0,33.0,29.0,16.0,4.0,100.0,2.145,2019,1.79705e-05,-10.926779033404529,31.8,2,2,4.53
2022-08-26 00:00:00,433,irony,34716.0,3046.0,0.0,6.0,29.0,34.0,21.0,8.0,1.0,99.0,1.9449999999999998,2019,0.0007623692,-7.179079605181151,29.2,1,2,3.98989898989899
2022-08-25 00:00:00,432,clown,36737.0,3175.0,1.0,8.0,29.0,36.0,20.0,6.0,1.0,101.0,1.9249999999999998,2019,0.00025086,-8.290615543367744,23.4,1,1,3.871287128712871
2022-08-24 00:00:00,431,needy,33700.0,2927.0,0.0,2.0,21.0,41.0,26.0,9.0,1.0,100.0,2.08,2019,0.0003479316,-7.9635046492327595,38.39999999999999,2,2,4.22
2022-08-23 00:00:00,430,woven,33549.0,2933.0,0.0,2.0,13.0,32.0,32.0,17.0,3.0,99.0,2.18,2019,0.0005125548,-7.5761029258387085,30.279999999999998,1,2,4.585858585858586
2022-08-22 00:00:00,429,merit,35888.0,3123.0,0.0,7.0,33.0,37.0,17.0,5.0,0.0,99.0,1.88,2019,0.0010033927,-6.9043683212046885,37.2,1,2,3.797979797979798
2022-08-21 00:00:00,428,waste,35617.0,3186.0,1.0,7.0,19.0,27.0,24.0,17.0,5.0,100.0,2.0349999999999997,2018,0.0041859486,-5.476021934059039,38.7,1,2,4.37
2022-08-20 00:00:00,427,treat,38245.0,3249.0,1.0,22.0,32.0,26.0,14.0,5.0,1.0,101.0,1.73,2018,0.0033906826,-5.686724020927211,45.1,2,2,3.485148514851485
2022-08-19 00:00:00,426,shrug,33965.0,2987.0,0.0,4.0,23.0,36.0,26.0,10.0,1.0,100.0,2.06,2018,0.0005179028,-7.565722978099922,23.2,1,1,4.18
2022-08-18 00:00:00,425,twang,34938.0,3172.0,0.0,3.0,22.0,43.0,25.0,7.0,1.0,101.0,2.06,2018,4.45495e-05,-10.018909627454994,28.4,1,1,4.138613861386139
2022-08-17 00:00:00,424,twice,35815.0,3173.0,1.0,6.0,28.0,38.0,21.0,6.0,1.0,101.0,1.9549999999999998,2018,0.0037656845,-5.5818256281461105,34.0,1,2,3.9306930693069306
2022-08-16 00:00:00,423,gruel,35105.0,3087.0,0.0,3.0,19.0,39.0,29.0,9.0,1.0,100.0,2.0949999999999998,2018,4.1586e-05,-10.087746985800372,27.5,1,2,4.25
2022-08-15 00:00:00,422,poker,35376.0,3180.0,0.0,4.0,17.0,30.0,27.0,17.0,5.0,100.0,2.105,2018,0.0003465889,-7.96737120658509,28.869999999999997,1,2,4.51
2022-08-14 00:00:00,421,khaki,31652.0,2968.0,0.0,2.0,17.0,33.0,28.0,16.0,4.0,100.0,2.1350000000000002,2018,0.000131933,-8.93321633999566,22.839999999999996,2,2,4.51
2022-08-13 00:00:00,420,hunky,35276.0,3185.0,0.0,1.0,11.0,33.0,25.0,22.0,7.0,99.0,2.1550000000000002,2018,2.73024e-05,-10.50853594754949,18.369999999999997,1,1,4.777777777777778
2022-08-12 00:00:00,419,label,34198.0,3076.0,0.0,4.0,18.0,32.0,29.0,15.0,2.0,100.0,2.135,2018,0.0018857175,-6.273446893901124,30.4,2,2,4.39
2022-08-11 00:00:00,418,glean,37301.0,3243.0,0.0,6.0,23.0,37.0,24.0,8.0,1.0,99.0,1.99,2018,8.61436e-05,-9.359494886780663,33.6,1,2,4.08080808080808
2022-08-10 00:00:00,417,cling,37654.0,3312.0,0.0,4.0,20.0,34.0,27.0,13.0,2.0,100.0,2.0949999999999998,2018,0.0003418072,-7.981263722554384,22.5,1,1,4.31
2022-08-09 00:00:00,416,patty,36223.0,3019.0,0.0,2.0,16.0,39.0,29.0,12.0,1.0,99.0,2.13,2019,0.0003601277,-7.92905186719095,30.299999999999997,2,1,4.363636363636363
2022-08-08 00:00:00,415,unfit,35516.0,3187.0,0.0,3.0,24.0,38.0,25.0,9.0,1.0,100.0,2.05,2019,0.000231883,-8.369277623850023,27.799999999999997,1,2,4.16
2022-08-07 00:00:00,414,smear,36223.0,3190.0,0.0,2.0,16.0,39.0,29.0,12.0,2.0,100.0,2.135,2019,0.0002265635,-8.392485299131918,35.599999999999994,1,2,4.39
2022-08-06 00:00:00,413,alien,38841.0,3395.0,3.0,17.0,31.0,29.0,15.0,4.0,0.0,99.0,1.725,2019,0.0012632411,-6.674074559136687,38.6,1,3,3.484848484848485
2022-08-05 00:00:00,412,buggy,37350.0,3428.0,0.0,1.0,9.0,29.0,34.0,22.0,5.0,100.0,2.26,2019,0.000204668,-8.49412140384848,10.3,2,1,4.82
2022-08-04 00:00:00,411,rhyme,37229.0,3336.0,0.0,4.0,22.0,39.0,25.0,8.0,1.0,99.0,2.02,2019,0.000315574,-8.061117355149193,29.2,1,1,4.141414141414141
2022-08-03 00:00:00,410,youth,38381.0,3327.0,1.0,5.0,17.0,31.0,29.0,15.0,3.0,101.0,2.12,2019,0.0053648204,-5.227892379694673,27.5,1,2,4.376237623762377
2022-08-02 00:00:00,409,coyly,34909.0,3380.0,0.0,0.0,4.0,17.0,28.0,35.0,15.0,99.0,2.225,2019,4.15117e-05,-10.089535242750927,18.3,2,1,5.404040404040404
2022-08-01 00:00:00,408,quart,36662.0,3303.0,0.0,5.0,20.0,33.0,27.0,13.0,2.0,100.0,2.085,2019,0.0001717495,-8.669473538074204,26.195,1,2,4.29
2022-07-31 00:00:00,407,cramp,39250.0,3369.0,1.0,8.0,26.0,33.0,19.0,10.0,2.0,99.0,1.92,2019,8.08846e-05,-9.422487110487545,21.299999999999997,1,1,4.0
2022-07-30 00:00:00,406,bluff,37353.0,3171.0,0.0,2.0,14.0,42.0,31.0,10.0,1.0,100.0,2.15,2019,0.0003259739,-8.02869324115234,12.7,2,1,4.36
2022-07-29 00:00:00,405,upset,37791.0,3213.0,0.0,5.0,30.0,38.0,20.0,6.0,1.0,100.0,1.9449999999999998,2019,0.0018814837,-6.275694611268867,32.8,1,2,3.95
2022-07-28 00:00:00,404,stomp,40650.0,3490.0,0.0,7.0,26.0,32.0,21.0,11.0,2.0,99.0,1.965,2019,7.78033e-05,-9.46132671122704,27.199999999999996,1,1,4.090909090909091
2022-07-27 00:00:00,403,motto,38384.0,3285.0,0.0,1.0,11.0,36.0,36.0,14.0,1.0,99.0,2.2199999999999998,2019,0.0002937428,-8.132806003444593,35.6,2,2,4.545454545454546
2022-07-26 00:00:00,402,cinch,39171.0,3507.0,0.0,2.0,15.0,24.0,22.0,25.0,13.0,101.0,2.09,2019,3.39922e-05,-10.289379471431722,25.4,2,1,4.910891089108911
2022-07-25 00:00:00,401,elope,39228.0,3339.0,0.0,4.0,22.0,32.0,26.0,13.0,2.0,99.0,2.0599999999999996,2019,2.65247e-05,-10.537434183613012,38.8,2,3,4.282828282828283
2022-07-24 00:00:00,400,power,39813.0,3401.0,2.0,6.0,19.0,29.0,24.0,15.0,4.0,99.0,2.005,2019,0.0337360931,-3.389187002878418,30.5,1,2,4.292929292929293
2022-07-23 00:00:00,399,midge,36769.0,3111.0,0.0,2.0,18.0,39.0,28.0,10.0,2.0,99.0,2.0799999999999996,2019,4.5636e-05,-9.99481367923015,28.4,1,2,4.3232323232323235
2022-07-22 00:00:00,398,tryst,43099.0,3665.0,0.0,3.0,26.0,41.0,23.0,6.0,1.0,100.0,2.0,2019,4.54531e-05,-9.998829532846083,32.5,2,0,4.06
2022-07-21 00:00:00,397,aphid,39086.0,3367.0,0.0,6.0,24.0,36.0,23.0,9.0,2.0,100.0,1.995,2019,4.25858e-05,-10.063989693590187,27.5,1,2,4.11
2022-07-20 00:00:00,396,trite,42237.0,3685.0,0.0,4.0,14.0,22.0,22.0,23.0,15.0,100.0,2.005,2019,5.49202e-05,-9.809629335410538,43.900000000000006,2,2,4.91
2022-07-19 00:00:00,395,angry,39667.0,3358.0,0.0,5.0,27.0,38.0,21.0,7.0,1.0,99.0,1.9549999999999998,2019,0.0040673723,-5.504758114569821,24.9,1,1,4.01010101010101
2022-07-18 00:00:00,394,flock,42574.0,3548.0,0.0,4.0,22.0,37.0,27.0,9.0,1.0,100.0,2.06,2019,0.0006265652,-7.375257718811638,17.27,1,1,4.18
2022-07-17 00:00:00,393,wacky,39611.0,3345.0,0.0,3.0,18.0,39.0,27.0,10.0,2.0,99.0,2.065,2019,3.38541e-05,-10.293450443341037,16.169999999999998,1,1,4.292929292929293
2022-07-16 00:00:00,392,roomy,38769.0,3280.0,0.0,2.0,17.0,41.0,28.0,10.0,2.0,100.0,2.105,2019,4.49289e-05,-10.010429317710285,25.4,2,2,4.33
2022-07-15 00:00:00,391,wedge,39234.0,3353.0,0.0,2.0,11.0,32.0,37.0,17.0,2.0,101.0,2.2699999999999996,2019,0.0004020111,-7.819030857786157,34.099999999999994,2,2,4.6138613861386135
2022-07-14 00:00:00,390,liver,40549.0,3388.0,0.0,4.0,16.0,26.0,25.0,20.0,8.0,99.0,2.065,2019,0.0023873662,-6.0375645290646105,30.68,1,2,4.656565656565657
2022-07-13 00:00:00,389,bland,46246.0,3727.0,0.0,7.0,31.0,38.0,18.0,4.0,0.0,98.0,1.865,2019,0.0002998704,-8.112160176646956,24.7,1,1,3.806122448979592
2022-07-12 00:00:00,388,night,46910.0,3870.0,1.0,8.0,27.0,27.0,17.0,13.0,7.0,100.0,1.88,2019,0.0259609996,-3.651159882494649,30.9,1,1,4.18
2022-07-11 00:00:00,387,madam,40545.0,3430.0,0.0,3.0,13.0,35.0,34.0,14.0,2.0,101.0,2.2049999999999996,2019,0.000766837,-7.173236295479068,25.499999999999996,2,2,4.485148514851486
2022-07-10 00:00:00,386,berth,41785.0,3494.0,0.0,7.0,24.0,35.0,24.0,9.0,1.0,100.0,2.005,2019,0.0001724631,-8.665327257418996,35.4,1,1,4.07
2022-07-09 00:00:00,385,stead,47094.0,3933.0,1.0,6.0,20.0,27.0,28.0,16.0,3.0,101.0,2.1,2019,0.0002493792,-8.29653592835671,40.599999999999994,1,2,4.336633663366337
2022-07-08 00:00:00,384,voice,42806.0,3484.0,1.0,5.0,24.0,35.0,25.0,9.0,1.0,100.0,2.0149999999999997,2019,0.0207437341,-3.8755110489922155,30.98,1,3,4.09
2022-07-07 00:00:00,383,agape,43407.0,3671.0,0.0,2.0,18.0,36.0,27.0,15.0,3.0,101.0,2.15,2019,0.0001087672,-9.12630073958206,33.0,2,3,4.435643564356436
2022-07-06 00:00:00,382,fluff,47344.0,4049.0,0.0,0.0,4.0,25.0,44.0,23.0,4.0,100.0,2.37,2019,8.42854e-05,-9.381301898940333,13.399999999999999,2,1,4.98
2022-07-05 00:00:00,381,field,44578.0,3604.0,1.0,6.0,25.0,36.0,23.0,9.0,1.0,101.0,2.01,2019,0.0157946829,-4.148081920903023,30.2,1,2,4.03960396039604
2022-07-04 00:00:00,380,sever,42645.0,3591.0,0.0,2.0,13.0,27.0,29.0,21.0,7.0,99.0,2.145,2019,0.0001221246,-9.010468722939342,38.68,2,2,4.757575757575758
2022-07-03 00:00:00,379,lilac,40486.0,3461.0,0.0,2.0,17.0,38.0,29.0,12.0,1.0,99.0,2.125,2019,0.0001207633,-9.021678126569562,26.0,2,2,4.353535353535354
2022-07-02 00:00:00,378,egret,41765.0,3515.0,0.0,3.0,14.0,33.0,33.0,15.0,2.0,100.0,2.1849999999999996,2019,1.86489e-05,-10.889723394847154,42.5,2,2,4.49
2022-07-01 00:00:00,377,pinto,47248.0,3792.0,0.0,5.0,25.0,41.0,22.0,6.0,1.0,100.0,1.98,2019,0.0001612025,-8.732849219327141,32.2,1,2,4.02
2022-06-30 00:00:00,376,hutch,44212.0,3758.0,0.0,1.0,12.0,28.0,28.0,21.0,9.0,99.0,2.125,2019,6.00933e-05,-9.71961220350279,26.9,2,1,4.838383838383838
2022-06-29 00:00:00,375,gawky,45645.0,3957.0,0.0,1.0,5.0,22.0,33.0,28.0,10.0,99.0,2.2399999999999998,2019,1.51746e-05,-11.095887580509448,15.37,1,1,5.1313131313131315
2022-06-28 00:00:00,374,droll,47312.0,3844.0,0.0,2.0,16.0,31.0,31.0,17.0,3.0,100.0,2.18,2019,6.238e-05,-9.682265846784617,25.8,2,1,4.54
2022-06-27 00:00:00,373,retro,47986.0,3848.0,0.0,6.0,24.0,35.0,24.0,9.0,1.0,99.0,1.9949999999999999,2019,0.0001059497,-9.152546104778278,41.3,2,2,4.090909090909091
2022-06-26 00:00:00,372,rusty,50450.0,3954.0,0.0,9.0,37.0,34.0,13.0,5.0,1.0,99.0,1.805,2019,0.0004297128,-7.752393479402643,26.200000000000003,1,1,3.707070707070707
2022-06-25 00:00:00,371,beady,46089.0,3670.0,0.0,3.0,19.0,39.0,29.0,10.0,1.0,101.0,2.125,2019,5.51401e-05,-9.8056333388048,28.7,1,2,4.267326732673268
2022-06-24 00:00:00,370,smite,50617.0,3991.0,0.0,6.0,23.0,35.0,24.0,11.0,2.0,101.0,2.045,2019,0.0001097361,-9.117432165510609,37.5,1,2,4.1683168316831685
2022-06-23 00:00:00,369,brink,53111.0,4118.0,0.0,4.0,22.0,41.0,24.0,7.0,1.0,99.0,2.005,2019,0.0003482469,-7.962598846995092,21.97,1,1,4.111111111111111
2022-06-22 00:00:00,368,awful,47645.0,3861.0,0.0,5.0,21.0,33.0,27.0,12.0,2.0,100.0,2.07,2018,0.0015736354,-6.454366794955374,19.6,1,2,4.26
2022-06-21 00:00:00,367,gloat,53342.0,4194.0,0.0,8.0,21.0,31.0,26.0,12.0,2.0,100.0,2.0349999999999997,2018,3.87518e-05,-10.158333351630858,30.799999999999997,1,2,4.19
2022-06-20 00:00:00,366,input,50484.0,3950.0,0.0,5.0,30.0,38.0,21.0,6.0,1.0,101.0,1.97,2018,0.0041725627,-5.479224875578935,27.5,1,2,3.9603960396039604
2022-06-19 00:00:00,365,loser,55359.0,4399.0,1.0,10.0,28.0,32.0,19.0,8.0,2.0,100.0,1.89,2018,0.0002279366,-8.386443037853953,36.5,1,2,3.9
2022-06-18 00:00:00,364,cacao,47205.0,4101.0,0.0,1.0,9.0,27.0,36.0,23.0,4.0,100.0,2.295,2018,9.7668e-05,-9.23393658583137,29.5,2,3,4.83
2022-06-17 00:00:00,363,blown,54665.0,4251.0,0.0,6.0,23.0,35.0,26.0,10.0,1.0,101.0,2.06,2018,0.0009033609,-7.009388416619093,22.1,1,1,4.138613861386139
2022-06-16 00:00:00,362,apron,53430.0,4112.0,0.0,7.0,30.0,38.0,19.0,5.0,1.0,100.0,1.91,2018,0.0004054168,-7.8105948842524695,30.3,1,2,3.88
2022-06-15 00:00:00,361,primo,55989.0,4391.0,0.0,3.0,22.0,38.0,25.0,10.0,2.0,100.0,2.0549999999999997,2018,9.91378e-05,-9.2189997564593,24.8,1,2,4.23
2022-06-14 00:00:00,360,atone,59968.0,4762.0,2.0,16.0,34.0,29.0,14.0,4.0,1.0,100.0,1.7349999999999999,2018,8.41214e-05,-9.383249564377158,44.199999999999996,1,3,3.53
2022-06-13 00:00:00,359,donor,53802.0,4142.0,0.0,3.0,27.0,38.0,23.0,7.0,1.0,99.0,1.9849999999999999,2018,0.0009905763,-6.917223662990345,32.0,2,2,4.070707070707071
2022-06-12 00:00:00,358,float,56684.0,4323.0,1.0,12.0,30.0,32.0,18.0,6.0,1.0,100.0,1.8499999999999999,2018,0.0006608039,-7.322053433837876,31.0,1,2,3.76
2022-06-11 00:00:00,357,goose,51958.0,4087.0,0.0,2.0,12.0,28.0,32.0,21.0,5.0,100.0,2.215,2018,0.0004825207,-7.636486736551075,36.0,2,3,4.73
2022-06-10 00:00:00,356,piety,55376.0,4324.0,0.0,4.0,25.0,41.0,22.0,7.0,1.0,100.0,2.0,2019,0.0004729362,-7.656550062290899,32.7,1,2,4.06
2022-06-09 00:00:00,355,girth,60020.0,4665.0,0.0,6.0,23.0,33.0,23.0,12.0,3.0,100.0,2.015,2019,9.86151e-05,-9.224286164064806,30.200000000000003,1,1,4.21
2022-06-08 00:00:00,354,trait,61026.0,4607.0,0.0,6.0,22.0,35.0,24.0,11.0,2.0,100.0,2.03,2019,0.0007827152,-7.152741657385486,39.4,2,2,4.18
2022-06-07 00:00:00,353,flood,58991.0,4440.0,0.0,3.0,20.0,40.0,28.0,8.0,1.0,100.0,2.0749999999999997,2019,0.0015737296,-6.4543069353585185,25.5,2,2,4.21
2022-06-06 00:00:00,352,gloom,58478.0,4548.0,0.0,2.0,14.0,35.0,35.0,13.0,1.0,100.0,2.1999999999999997,2019,0.0005564458,-7.493940786421289,23.4,2,2,4.46
2022-06-05 00:00:00,351,depth,56738.0,4329.0,0.0,6.0,28.0,39.0,20.0,6.0,1.0,100.0,1.9449999999999998,2019,0.0035556057,-5.639229850493078,34.1,1,1,3.95
2022-06-04 00:00:00,350,froth,58263.0,4432.0,0.0,5.0,22.0,35.0,25.0,11.0,1.0,99.0,2.04,2019,8.64126e-05,-9.356377059453578,30.9,1,1,4.181818181818182
2022-06-03 00:00:00,349,peach,65431.0,4957.0,1.0,13.0,38.0,32.0,13.0,3.0,0.0,100.0,1.76,2019,0.000336396,-7.997221520542596,31.699999999999996,1,2,3.52
2022-06-02 00:00:00,348,showy,61278.0,4770.0,0.0,2.0,16.0,37.0,30.0,13.0,2.0,100.0,2.15,2019,7.60791e-05,-9.483736969450108,24.299999999999997,1,1,4.42
2022-06-01 00:00:00,347,creak,63241.0,4797.0,0.0,5.0,21.0,32.0,25.0,14.0,3.0,100.0,2.065,2019,0.0001387518,-8.882823832448906,30.47,1,2,4.31
2022-05-31 00:00:00,346,manor,62768.0,4802.0,0.0,6.0,27.0,34.0,21.0,10.0,2.0,100.0,1.98,2019,0.0004970626,-7.606794584064996,30.8,1,2,4.08
2022-05-30 00:00:00,345,atoll,60969.0,4741.0,0.0,6.0,28.0,36.0,21.0,8.0,1.0,100.0,1.97,2019,5.18841e-05,-9.86649817311125,32.8,2,2,4.0
2022-05-29 00:00:00,344,bayou,56839.0,4435.0,0.0,6.0,17.0,33.0,29.0,13.0,2.0,100.0,2.0999999999999996,2019,8.41933e-05,-9.382395212328603,22.0,1,3,4.32
2022-05-28 00:00:00,343,crept,60069.0,4562.0,0.0,4.0,27.0,38.0,22.0,7.0,1.0,99.0,1.97,2019,0.0007876113,-7.146505863917767,32.5,1,1,4.040404040404041
2022-05-27 00:00:00,342,tiara,63846.0,4842.0,0.0,8.0,36.0,33.0,17.0,6.0,1.0,101.0,1.89,2019,6.16163e-05,-9.694584112038344,38.5,2,3,3.801980198019802
2022-05-26 00:00:00,341,asset,63188.0,4733.0,0.0,7.0,28.0,34.0,21.0,8.0,1.0,99.0,1.94,2019,0.0020979548,-6.166792313568045,42.6,2,2,3.9797979797979797
2022-05-25 00:00:00,340,vouch,62723.0,4835.0,0.0,2.0,9.0,25.0,33.0,24.0,6.0,99.0,2.23,2019,6.86157e-05,-9.586989186443809,20.18,1,2,4.8686868686868685
2022-05-24 00:00:00,339,album,63380.0,4809.0,0.0,5.0,26.0,35.0,24.0,9.0,1.0,100.0,2.0149999999999997,2019,0.0007911669,-7.1420016137179445,18.9,1,2,4.09
2022-05-23 00:00:00,338,hinge,66431.0,4906.0,0.0,5.0,25.0,37.0,22.0,9.0,2.0,100.0,1.995,2019,0.0002044874,-8.49500419807155,34.5,1,2,4.11
2022-05-22 00:00:00,337,money,67909.0,4928.0,1.0,7.0,26.0,36.0,21.0,8.0,1.0,100.0,1.9549999999999998,2019,0.0179889129,-4.017999660861106,31.3,1,2,3.97
2022-05-21 00:00:00,336,scrap,66814.0,4973.0,1.0,9.0,28.0,34.0,20.0,8.0,1.0,101.0,1.94,2019,0.0004358646,-7.7381789133047345,25.199999999999996,1,1,3.900990099009901
2022-05-20 00:00:00,335,gamer,69884.0,5238.0,1.0,4.0,17.0,28.0,26.0,18.0,6.0,100.0,2.0799999999999996,2019,4.5115e-05,-10.00629577251781,31.299999999999997,1,2,4.52
2022-05-19 00:00:00,334,glass,70920.0,5162.0,0.0,4.0,19.0,33.0,27.0,14.0,3.0,100.0,2.095,2019,0.0078075202,-4.852667881554544,26.8,2,1,4.37
2022-05-18 00:00:00,333,scour,73933.0,5544.0,0.0,8.0,34.0,35.0,17.0,5.0,1.0,100.0,1.8699999999999999,2019,9.14736e-05,-9.299460151904189,25.400000000000002,1,2,3.8
2022-05-17 00:00:00,332,being,70722.0,5142.0,0.0,4.0,22.0,37.0,26.0,10.0,1.0,100.0,2.065,2018,0.0602750614,-2.8088368362509666,29.9,1,2,4.19
2022-05-16 00:00:00,331,delve,68349.0,5179.0,0.0,2.0,14.0,32.0,33.0,16.0,2.0,99.0,2.1849999999999996,2018,0.0001436619,-8.848047935733353,34.68,2,2,4.5353535353535355
2022-05-15 00:00:00,330,yield,67115.0,4963.0,0.0,4.0,16.0,29.0,29.0,18.0,4.0,100.0,2.145,2018,0.0028146082,-5.872932210025819,30.0,1,2,4.53
2022-05-14 00:00:00,329,metal,73225.0,5290.0,1.0,10.0,31.0,34.0,18.0,7.0,1.0,102.0,1.9149999999999998,2018,0.0051903522,-5.2609537228351355,36.4,1,2,3.8137254901960786
2022-05-13 00:00:00,328,tipsy,77585.0,5522.0,0.0,6.0,33.0,38.0,17.0,5.0,1.0,100.0,1.8949999999999998,2018,7.86327e-05,-9.45072291451147,26.3,1,1,3.85
2022-05-12 00:00:00,327,slung,75673.0,5419.0,0.0,2.0,16.0,37.0,31.0,13.0,2.0,101.0,2.175,2018,0.0002878821,-8.152959536645149,21.8,1,1,4.425742574257426
2022-05-11 00:00:00,326,farce,79446.0,5688.0,0.0,9.0,26.0,32.0,21.0,9.0,1.0,98.0,1.92,2018,0.0001519677,-8.791842559699322,31.9,1,2,3.979591836734694
2022-05-10 00:00:00,325,gecko,74412.0,5489.0,0.0,2.0,16.0,38.0,29.0,12.0,2.0,99.0,2.1149999999999998,2018,3.32739e-05,-10.310737252080761,25.77,1,2,4.393939393939394
2022-05-09 00:00:00,324,shine,88932.0,6146.0,1.0,14.0,32.0,30.0,17.0,6.0,1.0,101.0,1.835,2018,0.0007696401,-7.16958755498059,38.8,1,2,3.6930693069306932
2022-05-08 00:00:00,323,canny,72518.0,5256.0,0.0,2.0,10.0,30.0,34.0,20.0,4.0,100.0,2.24,2018,6.50737e-05,-9.639990084232862,26.4,2,1,4.72
2022-05-07 00:00:00,322,midst,74458.0,5233.0,0.0,3.0,25.0,39.0,24.0,9.0,1.0,101.0,2.06,2018,0.0016676546,-6.396337070828961,29.1,1,1,4.138613861386139
2022-05-06 00:00:00,321,badge,76292.0,5482.0,0.0,4.0,20.0,35.0,26.0,12.0,2.0,99.0,2.0599999999999996,2018,0.0003916754,-7.845077122430378,28.7,1,2,4.282828282828283
2022-05-05 00:00:00,320,homer,85979.0,6313.0,0.0,3.0,16.0,26.0,24.0,19.0,12.0,100.0,2.02,2019,0.0005698869,-7.470072637876371,34.7,1,2,4.76
2022-05-04 00:00:00,319,train,107750.0,7243.0,6.0,26.0,32.0,22.0,10.0,3.0,0.0,99.0,1.55,2019,0.0049224337,-5.313952216307569,37.0,1,2,3.1313131313131315
2022-05-03 00:00:00,318,hairy,85817.0,5941.0,1.0,8.0,24.0,33.0,23.0,10.0,1.0,100.0,1.9849999999999999,2019,0.0003119188,-8.072767660437625,29.299999999999997,1,2,4.03
2022-05-02 00:00:00,317,story,95643.0,6530.0,1.0,10.0,23.0,29.0,24.0,11.0,2.0,100.0,1.97,2019,0.0161343461,-4.126804981104527,30.9,1,1,4.06
2022-05-01 00:00:00,316,forgo,77658.0,5699.0,0.0,1.0,9.0,26.0,37.0,23.0,3.0,99.0,2.295,2019,9.20768e-05,-9.292887546543753,25.2,2,2,4.818181818181818
2022-04-30 00:00:00,315,larva,77991.0,5749.0,0.0,2.0,10.0,25.0,35.0,23.0,4.0,99.0,2.255,2019,9.38049e-05,-9.274293464510524,27.38,2,2,4.797979797979798
2022-04-29 00:00:00,314,trash,106652.0,7001.0,2.0,19.0,34.0,27.0,13.0,4.0,1.0,100.0,1.7,2019,0.0006738892,-7.302444852257157,35.699999999999996,1,1,3.46
2022-04-28 00:00:00,313,zesty,88974.0,6315.0,0.0,2.0,12.0,27.0,30.0,22.0,7.0,100.0,2.185,2019,1.5736e-05,-11.059559476877517,30.174,1,1,4.79
2022-04-27 00:00:00,312,shown,98967.0,6564.0,0.0,6.0,26.0,36.0,22.0,8.0,1.0,99.0,1.9649999999999999,2019,0.0133290644,-4.317808334801668,28.999999999999996,1,1,4.03030303030303
2022-04-26 00:00:00,311,heist,103153.0,6830.0,1.0,13.0,32.0,31.0,16.0,6.0,1.0,100.0,1.8199999999999998,2019,4.13159e-05,-10.094263144192649,41.199999999999996,1,2,3.7
2022-04-25 00:00:00,310,askew,91548.0,6549.0,0.0,3.0,13.0,29.0,32.0,19.0,4.0,100.0,2.195,2019,8.36767e-05,-9.388549994371742,30.369999999999997,1,2,4.63
2022-04-24 00:00:00,309,inert,97452.0,6743.0,0.0,7.0,27.0,34.0,22.0,9.0,1.0,100.0,1.98,2019,0.0002907886,-8.142914015274162,41.5,1,2,4.02
2022-04-23 00:00:00,308,olive,95562.0,6482.0,1.0,6.0,25.0,34.0,23.0,10.0,1.0,100.0,2.0,2019,0.0015585927,-6.463971980256273,32.18,1,3,4.06
2022-04-22 00:00:00,307,plant,119232.0,7731.0,2.0,19.0,39.0,28.0,10.0,3.0,0.0,101.0,1.685,2019,0.0068392751,-4.985073532496069,29.9,1,1,3.3366336633663365
2022-04-21 00:00:00,306,oxide,97955.0,6960.0,0.0,2.0,11.0,30.0,33.0,21.0,4.0,101.0,2.2600000000000002,2019,0.0011883416,-6.735196557286445,31.65,1,3,4.712871287128713
2022-04-20 00:00:00,305,cargo,102007.0,6796.0,0.0,5.0,20.0,34.0,27.0,12.0,2.0,100.0,2.0749999999999997,2019,0.0009240808,-6.986711044258313,26.5,1,2,4.27
2022-04-19 00:00:00,304,foyer,108899.0,8198.0,0.0,2.0,10.0,19.0,19.0,23.0,26.0,99.0,1.8450000000000002,2019,0.0002818523,-8.174127383100995,30.4,1,2,5.303030303030303
2022-04-18 00:00:00,303,flair,112383.0,7341.0,1.0,8.0,30.0,36.0,18.0,6.0,1.0,100.0,1.89,2019,0.0001389663,-8.881279100271541,27.4,1,2,3.84
2022-04-17 00:00:00,302,ample,106681.0,7008.0,0.0,4.0,20.0,35.0,27.0,11.0,2.0,99.0,2.0549999999999997,2019,0.0006666753,-7.313207437174151,29.2,1,2,4.2727272727272725
2022-04-16 00:00:00,301,cheek,107987.0,7035.0,0.0,3.0,19.0,40.0,28.0,9.0,1.0,100.0,2.09,2019,0.0025225911,-5.982468691423327,35.07,2,2,4.24
2022-04-15 00:00:00,300,shame,129991.0,8522.0,1.0,11.0,22.0,25.0,21.0,15.0,5.0,100.0,1.9449999999999998,2019,0.0024315027,-6.019245817695388,35.699999999999996,1,2,4.19
2022-04-14 00:00:00,299,mince,113448.0,7356.0,0.0,6.0,24.0,35.0,24.0,10.0,1.0,100.0,2.025,2019,8.84923e-05,-9.33259501538532,31.6,1,2,4.11
2022-04-13 00:00:00,298,chunk,123255.0,7835.0,1.0,4.0,29.0,42.0,18.0,5.0,1.0,100.0,1.9249999999999998,2019,0.000288331,-8.151401432218798,19.169999999999998,1,1,3.91
2022-04-12 00:00:00,297,royal,114907.0,7275.0,1.0,5.0,24.0,36.0,23.0,9.0,1.0,99.0,1.9849999999999999,2019,0.0050954923,-5.279398992833945,27.7,1,2,4.070707070707071
2022-04-11 00:00:00,296,squad,109828.0,7236.0,0.0,3.0,20.0,33.0,27.0,14.0,2.0,99.0,2.0949999999999998,2019,0.0005946177,-7.427591879932132,21.695,1,2,4.353535353535354
2022-04-10 00:00:00,295,black,126241.0,7894.0,1.0,10.0,31.0,34.0,18.0,6.0,1.0,101.0,1.8849999999999998,2019,0.0222364764,-3.8060212574037444,17.27,1,1,3.792079207920792
2022-04-09 00:00:00,294,stair,134210.0,8537.0,2.0,21.0,36.0,26.0,11.0,4.0,1.0,101.0,1.68,2019,0.0002509765,-8.290151248713638,36.599999999999994,1,2,3.386138613861386
2022-04-08 00:00:00,293,scare,141158.0,9010.0,1.0,12.0,23.0,26.0,21.0,13.0,4.0,100.0,1.925,2019,0.0005586797,-7.489934236506872,36.0,1,2,4.09
2022-04-07 00:00:00,292,foray,117761.0,7575.0,0.0,2.0,14.0,31.0,31.0,19.0,4.0,101.0,2.215,2019,8.68353e-05,-9.351497336943043,25.9,1,2,4.623762376237623
2022-04-06 00:00:00,291,comma,117856.0,7560.0,0.0,2.0,13.0,33.0,33.0,17.0,3.0,101.0,2.225,2019,0.0001666884,-8.699384356711533,23.3,2,2,4.584158415841584
2022-04-05 00:00:00,290,natal,121356.0,7702.0,0.0,2.0,14.0,32.0,32.0,17.0,3.0,100.0,2.1950000000000003,2019,0.0002119809,-8.459014381690622,36.2,2,2,4.57
2022-04-04 00:00:00,289,shawl,129651.0,7943.0,0.0,3.0,16.0,31.0,30.0,16.0,3.0,99.0,2.1350000000000002,2019,0.0002634236,-8.241747175098482,26.999999999999996,1,1,4.494949494949495
2022-04-03 00:00:00,288,fewer,124532.0,7931.0,0.0,2.0,10.0,24.0,32.0,26.0,6.0,100.0,2.26,2019,0.0019353038,-6.247490962240028,36.0,2,2,4.88
2022-04-02 00:00:00,287,trope,155079.0,9315.0,1.0,16.0,33.0,28.0,15.0,6.0,1.0,100.0,1.7799999999999998,2019,0.0002180235,-8.430907702819853,37.2,1,2,3.62
2022-04-01 00:00:00,286,snout,144648.0,8913.0,1.0,4.0,19.0,27.0,26.0,18.0,5.0,100.0,2.085,2019,0.0001428832,-8.853483044670309,32.4,1,2,4.47
2022-03-31 00:00:00,285,lowly,135219.0,8469.0,0.0,2.0,9.0,26.0,32.0,24.0,8.0,101.0,2.235,2019,0.0002251811,-8.398605590620317,19.9,2,1,4.900990099009901
2022-03-30 00:00:00,284,stove,158139.0,9318.0,0.0,5.0,16.0,24.0,27.0,21.0,6.0,99.0,2.105,2019,0.0007237317,-7.231089814370833,36.58,1,2,4.616161616161616
2022-03-29 00:00:00,283,shall,149070.0,8494.0,0.0,3.0,17.0,30.0,28.0,17.0,4.0,99.0,2.115,2019,0.0259955209,-3.649831028878289,28.599999999999998,2,1,4.515151515151516
2022-03-28 00:00:00,282,found,173696.0,10613.0,1.0,6.0,17.0,22.0,20.0,21.0,14.0,101.0,1.96,2019,0.0392685707,-3.237330807795111,23.5,1,2,4.712871287128713
2022-03-27 00:00:00,281,nymph,165468.0,9935.0,1.0,2.0,18.0,44.0,26.0,9.0,1.0,101.0,2.1,2019,0.0001455374,-8.83507745970951,19.1,1,0,4.217821782178218
2022-03-26 00:00:00,280,epoxy,149507.0,9376.0,0.0,2.0,13.0,31.0,33.0,18.0,3.0,100.0,2.2150000000000003,2019,0.0002013428,-8.510501629935417,24.25,1,2,4.61
2022-03-25 00:00:00,279,depot,150197.0,8562.0,0.0,5.0,29.0,36.0,20.0,7.0,1.0,98.0,1.92,2019,0.0003133887,-8.068066284850657,35.5,1,2,3.979591836734694
2022-03-24 00:00:00,278,chest,169066.0,9318.0,1.0,14.0,35.0,31.0,14.0,5.0,1.0,101.0,1.795,2019,0.0067858915,-4.9929096015483925,37.0,1,1,3.613861386138614
2022-03-23 00:00:00,277,purge,156785.0,8555.0,1.0,4.0,22.0,35.0,26.0,11.0,2.0,101.0,2.065,2019,0.0002148644,-8.445503426484473,25.4,1,2,4.207920792079208
2022-03-22 00:00:00,276,slosh,160161.0,8807.0,0.0,2.0,19.0,36.0,27.0,13.0,2.0,99.0,2.0999999999999996,2019,1.67428e-05,-10.997542242851784,30.200000000000003,2,1,4.363636363636363
2022-03-21 00:00:00,275,their,173636.0,9200.0,2.0,14.0,36.0,30.0,13.0,4.0,0.0,99.0,1.735,2019,0.2023141521,-1.5979335812493127,40.9,1,2,3.505050505050505
2022-03-20 00:00:00,274,renew,154987.0,8417.0,0.0,4.0,20.0,33.0,27.0,13.0,2.0,99.0,2.0749999999999997,2019,0.0003724272,-7.895468975486422,40.49999999999999,2,2,4.313131313131313
2022-03-19 00:00:00,273,allow,156311.0,8515.0,0.0,5.0,21.0,32.0,26.0,14.0,3.0,101.0,2.0900000000000003,2019,0.0088771764,-4.724271745515156,26.099999999999998,2,2,4.316831683168317
2022-03-18 00:00:00,272,saute,179830.0,9304.0,1.0,8.0,31.0,34.0,19.0,6.0,1.0,100.0,1.89,2019,1.11146e-05,-11.407250998600084,39.099999999999994,1,3,3.84
2022-03-17 00:00:00,271,movie,169071.0,8847.0,1.0,5.0,18.0,30.0,26.0,16.0,3.0,99.0,2.0700000000000003,2019,0.0024112349,-6.027616256076023,30.580000000000002,1,3,4.363636363636363
2022-03-16 00:00:00,270,cater,217856.0,11234.0,1.0,7.0,19.0,22.0,19.0,18.0,15.0,101.0,1.89,2019,0.0001737907,-8.65765885634604,38.8,1,2,4.633663366336633
2022-03-15 00:00:00,269,tease,202855.0,10024.0,1.0,16.0,32.0,30.0,16.0,6.0,1.0,102.0,1.8299999999999998,2019,0.0003612248,-7.926010078756287,49.0,2,3,3.6470588235294117
2022-03-14 00:00:00,268,smelt,185406.0,9373.0,0.0,5.0,19.0,33.0,28.0,13.0,2.0,100.0,2.0949999999999998,2019,0.000154199,-8.77726658194038,34.5,1,1,4.31
2022-03-13 00:00:00,267,focus,179436.0,8937.0,1.0,4.0,23.0,36.0,24.0,10.0,1.0,99.0,2.0149999999999997,2019,0.0117203878,-4.44642540664349,21.6,1,2,4.1313131313131315
2022-03-12 00:00:00,266,today,192049.0,9353.0,1.0,7.0,29.0,35.0,20.0,7.0,1.0,100.0,1.9249999999999998,2019,0.0145973151,-4.226917664439295,31.1,1,2,3.91
2022-03-11 00:00:00,265,watch,226349.0,12400.0,1.0,6.0,14.0,18.0,17.0,24.0,20.0,100.0,1.8800000000000001,2019,0.0072439089,-4.927594314964951,28.6,1,1,4.96
2022-03-10 00:00:00,264,lapse,208884.0,9960.0,0.0,8.0,31.0,34.0,19.0,7.0,1.0,100.0,1.9149999999999998,2019,0.0002920827,-8.13847357661689,33.099999999999994,1,2,3.89
2022-03-09 00:00:00,263,month,201799.0,9435.0,1.0,5.0,26.0,37.0,22.0,8.0,1.0,100.0,1.98,2019,0.0062354999,-5.077496526640679,31.800000000000004,1,1,4.02
2022-03-08 00:00:00,262,sweet,207473.0,9767.0,1.0,5.0,18.0,31.0,28.0,15.0,2.0,100.0,2.105,2019,0.0051699301,-5.264896110862677,43.199999999999996,2,2,4.33
2022-03-07 00:00:00,261,hoard,218595.0,9823.0,1.0,9.0,30.0,34.0,19.0,7.0,1.0,101.0,1.9149999999999998,2019,0.0001123284,-9.094083834158344,32.099999999999994,1,2,3.8514851485148514
2022-03-06 00:00:00,260,cloth,218595.0,9911.0,1.0,8.0,33.0,34.0,17.0,7.0,1.0,101.0,1.9,2019,0.0017268599,-6.361450606443535,29.5,1,1,3.8217821782178216
2022-03-05 00:00:00,259,brine,229895.0,10405.0,1.0,9.0,25.0,29.0,22.0,12.0,3.0,101.0,1.9749999999999999,2019,0.0001648038,-8.710754882502313,33.9,1,2,4.089108910891089
2022-03-04 00:00:00,258,ahead,203730.0,9396.0,1.0,5.0,20.0,35.0,26.0,12.0,2.0,101.0,2.0749999999999997,2019,0.0051771675,-5.263497186940225,39.5,2,3,4.227722772277228
2022-03-03 00:00:00,257,mourn,240018.0,10465.0,1.0,8.0,29.0,34.0,19.0,8.0,1.0,100.0,1.92,2019,0.0002575336,-8.264360360936074,25.4,1,2,3.9
2022-03-02 00:00:00,256,nasty,257304.0,10813.0,1.0,7.0,26.0,31.0,21.0,11.0,2.0,99.0,1.95,2019,0.0006579859,-7.326327055439981,32.3,1,1,4.0606060606060606
2022-03-01 00:00:00,255,rupee,240137.0,10577.0,1.0,2.0,17.0,35.0,30.0,13.0,2.0,100.0,2.13,2019,5.34803e-05,-9.836197196172593,36.099999999999994,2,3,4.38
2022-02-28 00:00:00,254,choke,251094.0,10521.0,1.0,8.0,30.0,36.0,18.0,6.0,1.0,100.0,1.89,2019,0.0002834545,-8.16845894150414,29.869999999999997,1,2,3.84
2022-02-27 00:00:00,253,chant,250413.0,10438.0,1.0,9.0,33.0,33.0,16.0,7.0,1.0,100.0,1.865,2019,0.0003093295,-8.081103506164347,32.9,1,1,3.79
2022-02-26 00:00:00,252,spill,248363.0,10087.0,1.0,5.0,26.0,34.0,22.0,10.0,2.0,100.0,1.985,2019,0.0004978596,-7.605192448399553,23.2,2,1,4.09
2022-02-25 00:00:00,251,vivid,255907.0,11687.0,1.0,2.0,10.0,29.0,33.0,21.0,4.0,100.0,2.23,2019,0.0008114044,-7.116743984480478,20.26,2,2,4.7
2022-02-24 00:00:00,250,bloke,250674.0,10405.0,1.0,6.0,21.0,32.0,25.0,12.0,2.0,99.0,2.0149999999999997,2019,0.0001500067,-8.804830598198878,26.47,1,2,4.191919191919192
2022-02-23 00:00:00,249,trove,277576.0,11411.0,1.0,5.0,16.0,24.0,25.0,22.0,8.0,101.0,2.1,2019,7.20042e-05,-9.53878610731621,36.28,1,2,4.633663366336633
2022-02-22 00:00:00,248,thorn,306356.0,11814.0,1.0,14.0,38.0,30.0,12.0,4.0,0.0,99.0,1.735,2019,0.0003450167,-7.9719177363073355,35.4,1,1,3.505050505050505
2022-02-21 00:00:00,247,other,278731.0,10887.0,1.0,9.0,26.0,30.0,21.0,10.0,2.0,99.0,1.92,2019,0.1266255626,-2.066520873382686,41.400000000000006,1,2,4.0
2022-02-20 00:00:00,246,tacit,273306.0,11094.0,1.0,4.0,21.0,32.0,26.0,14.0,3.0,101.0,2.085,2019,0.0003332173,-8.006715728251116,36.199999999999996,2,2,4.306930693069307
2022-02-19 00:00:00,245,swill,282327.0,11241.0,1.0,1.0,8.0,19.0,31.0,30.0,10.0,100.0,2.2399999999999998,2019,1.89406e-05,-10.874202791721837,23.7,2,1,5.08
2022-02-18 00:00:00,244,dodge,265238.0,10220.0,1.0,3.0,15.0,29.0,27.0,19.0,7.0,101.0,2.12,2019,0.0003920319,-7.844167343933765,30.8,2,2,4.6138613861386135
2022-02-17 00:00:00,243,shake,342003.0,12767.0,1.0,6.0,16.0,23.0,24.0,21.0,9.0,100.0,2.04,2019,0.0021670783,-6.134375424178063,34.06999999999999,1,2,4.62
2022-02-16 00:00:00,242,caulk,289721.0,10740.0,1.0,4.0,20.0,31.0,26.0,15.0,3.0,100.0,2.08,2019,1.03873e-05,-11.474926651879018,18.57,1,2,4.34
2022-02-15 00:00:00,241,aroma,287836.0,10343.0,1.0,6.0,25.0,33.0,22.0,11.0,2.0,100.0,1.99,2019,0.0003704602,-7.900764541400491,32.3,2,3,4.1
2022-02-14 00:00:00,240,cynic,261521.0,10343.0,1.0,6.0,25.0,33.0,22.0,11.0,2.0,100.0,1.99,2019,6.07556e-05,-9.70865129892207,21.3,2,1,4.1
2022-02-13 00:00:00,239,robin,277471.0,3249.0,1.0,6.0,29.0,34.0,21.0,8.0,1.0,100.0,1.95,2019,0.0010635497,-6.8461431919288405,28.7,1,2,3.96
2022-02-12 00:00:00,238,ultra,269885.0,9310.0,1.0,7.0,23.0,34.0,24.0,10.0,1.0,100.0,2.005,2019,0.0005169141,-7.5676338481308365,30.099999999999998,1,2,4.07
2022-02-11 00:00:00,237,ulcer,278826.0,10631.0,1.0,4.0,18.0,30.0,28.0,16.0,3.0,100.0,2.1100000000000003,2019,0.0002536239,-8.279658096939578,28.299999999999997,1,2,4.4
2022-02-10 00:00:00,236,pause,304830.0,13480.0,1.0,8.0,26.0,32.0,21.0,10.0,2.0,100.0,1.95,2019,0.0018724814,-6.280490775866561,31.9,1,3,4.02
2022-02-09 00:00:00,235,humor,305372.0,13846.0,1.0,5.0,22.0,34.0,25.0,11.0,2.0,100.0,2.03,2019,0.001184238,-6.738655749207319,24.799999999999997,1,2,4.18
2022-02-08 00:00:00,234,frame,336236.0,15369.0,1.0,10.0,20.0,24.0,24.0,17.0,3.0,99.0,2.0100000000000002,2019,0.0041871143,-5.475743493535791,31.499999999999996,1,2,4.242424242424242
2022-02-07 00:00:00,233,elder,288228.0,13340.0,1.0,3.0,13.0,24.0,30.0,24.0,5.0,100.0,2.205,2019,0.0015421056,-6.474606523695546,39.7,2,2,4.71
2022-02-06 00:00:00,232,skill,311018.0,13716.0,1.0,3.0,17.0,33.0,27.0,16.0,3.0,100.0,2.12,2019,0.0028434163,-5.862749027205428,22.07,2,1,4.42
2022-02-05 00:00:00,231,aloft,319698.0,13708.0,1.0,4.0,22.0,36.0,25.0,11.0,2.0,101.0,2.0599999999999996,2019,0.0002416747,-8.327917950950882,31.0,1,2,4.198019801980198
2022-02-04 00:00:00,230,pleat,359679.0,14813.0,1.0,10.0,28.0,31.0,19.0,9.0,2.0,100.0,1.9,2019,1.16602e-05,-11.359329224530372,35.9,1,2,3.92
2022-02-03 00:00:00,229,shard,358176.0,14609.0,1.0,7.0,22.0,28.0,25.0,14.0,4.0,101.0,2.03,2019,8.13039e-05,-9.41731657208135,30.9,1,1,4.257425742574258
2022-02-02 00:00:00,228,moist,361908.0,14205.0,3.0,13.0,32.0,29.0,16.0,7.0,1.0,101.0,1.8199999999999998,2019,0.0004983722,-7.60416337053788,32.3,1,2,3.6633663366336635
2022-02-01 00:00:00,227,those,351663.0,13606.0,1.0,13.0,34.0,30.0,15.0,6.0,1.0,100.0,1.805,2019,0.0620804411,-2.7793242977844788,41.7,1,2,3.67
2022-01-31 00:00:00,226,light,341314.0,13347.0,1.0,10.0,25.0,27.0,19.0,12.0,5.0,99.0,1.88,2019,0.0239670683,-3.731074545066441,28.200000000000003,1,1,4.101010101010101
2022-01-30 00:00:00,225,wrung,294687.0,11524.0,0.0,2.0,18.0,39.0,27.0,12.0,2.0,100.0,2.1149999999999998,2019,0.0001558398,-8.76668200143843,19.9,1,1,4.35
2022-01-29 00:00:00,224,could,313220.0,11592.0,1.0,7.0,29.0,35.0,20.0,8.0,1.0,101.0,1.9549999999999998,2019,0.1269056796,-2.0643111487621555,21.400000000000002,1,2,3.9306930693069306
2022-01-28 00:00:00,223,perky,296968.0,11148.0,1.0,4.0,17.0,30.0,27.0,17.0,4.0,100.0,2.105,2019,5.49891e-05,-9.808375574190597,23.37,1,1,4.45
2022-01-27 00:00:00,222,mount,331844.0,11451.0,1.0,9.0,29.0,33.0,19.0,7.0,1.0,99.0,1.88,2019,0.0019669214,-6.231285699702537,28.5,1,2,3.8585858585858586
2022-01-26 00:00:00,221,whack,302348.0,10163.0,1.0,4.0,22.0,37.0,24.0,10.0,2.0,100.0,2.025,2019,9.99844e-05,-9.210496384145449,20.27,1,1,4.17
2022-01-25 00:00:00,220,sugar,276404.0,8708.0,1.0,6.0,25.0,34.0,23.0,9.0,1.0,99.0,1.97,2019,0.0035621723,-5.637384723583248,25.299999999999997,1,2,4.040404040404041
2022-01-24 00:00:00,219,knoll,258038.0,8317.0,1.0,1.0,11.0,29.0,33.0,21.0,4.0,100.0,2.235,2019,0.0001092705,-9.12168409857073,22.97,2,1,4.71
2022-01-23 00:00:00,218,crimp,269929.0,7630.0,1.0,5.0,28.0,38.0,20.0,7.0,1.0,100.0,1.95,2019,3.59611e-05,-10.233072759284768,20.099999999999998,1,1,3.96
2022-01-22 00:00:00,217,wince,241489.0,6850.0,1.0,3.0,17.0,33.0,29.0,15.0,3.0,101.0,2.14,2019,0.0001382978,-8.886101226867664,31.6,1,2,4.415841584158416
2022-01-21 00:00:00,216,prick,273727.0,7409.0,1.0,8.0,30.0,33.0,19.0,7.0,1.0,99.0,1.8849999999999998,2019,0.000269335,-8.219554600011623,18.47,1,1,3.8686868686868685
2022-01-20 00:00:00,215,robot,243964.0,6589.0,1.0,8.0,29.0,34.0,20.0,8.0,1.0,101.0,1.9449999999999998,2019,0.0010631157,-6.846551342647825,31.6,2,2,3.910891089108911
2022-01-19 00:00:00,214,point,280622.0,7094.0,1.0,16.0,37.0,28.0,12.0,4.0,1.0,99.0,1.7049999999999998,2018,0.0305480438,-3.48845462814794,32.199999999999996,1,2,3.505050505050505
2022-01-18 00:00:00,213,proxy,220950.0,6206.0,1.0,2.0,11.0,24.0,31.0,26.0,6.0,101.0,2.255,2018,0.0004978803,-7.605150871276846,17.55,1,1,4.821782178217822
2022-01-17 00:00:00,212,shire,222197.0,5640.0,1.0,8.0,32.0,32.0,18.0,8.0,2.0,101.0,1.905,2019,8.44527e-05,-9.379318943640728,38.099999999999994,1,2,3.891089108910891
2022-01-16 00:00:00,211,solar,209609.0,4955.0,1.0,9.0,32.0,32.0,18.0,7.0,1.0,100.0,1.88,2019,0.0021804623,-6.128218360443395,32.0,1,2,3.82
2022-01-15 00:00:00,210,panic,205880.0,4655.0,1.0,9.0,35.0,34.0,16.0,5.0,1.0,101.0,1.855,2019,0.0018212397,-6.30823785592727,26.6,1,2,3.732673267326733
2022-01-14 00:00:00,209,tangy,169484.0,3985.0,1.0,4.0,21.0,30.0,24.0,15.0,5.0,100.0,2.0349999999999997,2019,5.22013e-05,-9.860403159171227,27.999999999999996,1,1,4.37
2022-01-13 00:00:00,208,abbey,132726.0,3345.0,1.0,2.0,13.0,29.0,31.0,20.0,3.0,99.0,2.19,2019,0.000637198,-7.358430118665259,25.9,2,2,4.606060606060606
2022-01-12 00:00:00,207,favor,137586.0,3073.0,1.0,4.0,15.0,26.0,29.0,21.0,4.0,100.0,2.165,2019,0.0027341875,-5.901920962197994,24.88,1,2,4.57
2022-01-11 00:00:00,206,drink,153880.0,3017.0,1.0,9.0,35.0,34.0,16.0,5.0,1.0,101.0,1.855,2019,0.0056026529,-5.184515061273822,24.77,1,1,3.732673267326733
2022-01-10 00:00:00,205,query,107134.0,2242.0,1.0,4.0,16.0,30.0,30.0,17.0,2.0,100.0,2.155,2019,0.0009828527,-6.925051296451252,23.595,1,2,4.43
2022-01-09 00:00:00,204,gorge,91477.0,1913.0,1.0,3.0,13.0,27.0,30.0,22.0,4.0,100.0,2.2,2019,0.0002702694,-8.2160913186375,30.2,2,2,4.64
2022-01-08 00:00:00,203,crank,101503.0,1763.0,1.0,5.0,23.0,31.0,24.0,14.0,2.0,100.0,2.05,2019,0.0001548591,-8.772994886723476,24.47,1,1,4.22
2022-01-07 00:00:00,202,slump,80630.0,1362.0,1.0,3.0,23.0,39.0,24.0,9.0,1.0,100.0,2.0349999999999997,2019,0.0001344763,-8.914122582627304,17.400000000000002,1,1,4.13
